harish@gmail.com,Harish98@Helloharish@gmail.com,Harish98@
harish@gmail.com,Harish98@
harish@gmail.com,Harsih98@
ajsdfl;jka@kjadfl.,ckjasl,Harish98@
Harish@gmail.com,Harish98@
harish@jdfl.,Harsi98@
harish98@gmail.com,Harish98#
Harish@gmail.com,Harish98@
harish@g,ai.,Harish98@
Harish@jdl.,Hari@9
harish@gma.,Harish98@
Harish@kjd.,Harish98@
Harish@gmai.,Harish98@
harish@gmai.com,Harish98@
harish@gmail.com,Harish98@
Harish98@aslkdfjl.com,Harish98@
Harishasjdflaskj@jasdfljka.,Harish908(@3\
Harish@dfjlsak.com,Harish98@
harish@98989.com,Harish98@
Harish@dfjfkas.com,Harish@ldfhj
Harish98@gmail.,com,Harish98@##@
sdfjkl@ajsdfl.asld,Harish98@
haris@gma.co,Harish98@
harish@gakj.c,Hari@ldl09
Harish@gmai.com,Harish98@
alsdfjk#@#fasdf.,Harish98#
harish@fsalkjds.ccsdlk,Harish98@
Harish@gmail.com,Harish98@#
harish@#fdssdfk.sdlfc,Harish98@#@
